1;2;3;31/07/2009;31/07/2010;;31/07/2007;31/08/2009;;"1";TRUE;FALSE;FALSE;
2;2;1;31/07/2010;31/12/2012;;31/07/2010;03/06/2013;30/04/2013;"2";TRUE;FALSE;FALSE;
3;2;6;31/12/2011;31/12/2012;;31/12/2011;03/06/2013;;"3";TRUE;FALSE;FALSE;
5;3;3;31/07/2009;31/10/2010;;31/07/2009;31/10/2010;;"1";TRUE;FALSE;FALSE;
6;3;1;31/03/2010;11/12/2012;31/05/2010;31/05/2010;;31/12/2013;"2";TRUE;FALSE;FALSE;
8;5;1;30/09/2009;31/12/2009;31/07/2010;31/07/2010;;31/12/2013;"3";TRUE;FALSE;FALSE;
10;1;6;30/11/2011;30/12/2012;;30/11/2011;28/12/2012;;"2";TRUE;FALSE;FALSE;
11;1;7;31/01/2010;30/06/2010;;31/01/2010;30/06/2010;;"3";TRUE;FALSE;FALSE;
12;1;8;30/06/2010;31/12/2010;;30/06/2010;31/12/2010;;"4";TRUE;FALSE;FALSE;
13;7;3;31/10/2008;30/06/2009;;31/10/2008;30/06/2009;;"1";TRUE;FALSE;FALSE;
14;7;2;31/05/2010;31/07/2010;;31/05/2010;31/07/2010;;"2";TRUE;FALSE;FALSE;
15;7;1;31/03/2010;31/12/2012;31/08/2010;31/08/2010;01/05/2013;14/04/2013;"3";TRUE;FALSE;FALSE;
16;7;6;31/12/2011;30/12/2012;;14/12/2011;01/05/2013;31/12/2013;"4";TRUE;FALSE;FALSE;
17;4;3;30/01/2009;30/12/2009;;30/01/2009;30/12/2009;;"1";TRUE;FALSE;FALSE;
18;4;1;01/12/2010;31/12/2012;;01/12/2010;16/12/2012;16/12/2012;"2";TRUE;FALSE;FALSE;
19;9;3;30/10/2010;30/11/2010;30/09/2009;30/09/2009;;30/10/2011;"1";TRUE;FALSE;FALSE;
20;9;1;30/06/2011;30/06/2013;30/05/2012;;;20/05/2014;"3";TRUE;FALSE;FALSE;
21;8;3;30/08/2010;30/04/2011;;30/08/2010;30/04/2011;;"1";TRUE;FALSE;FALSE;
23;8;1;30/05/2011;30/09/2012;;30/05/2011;30/11/2012;;"3";TRUE;FALSE;FALSE;
24;10;2;30/01/2011;30/12/2011;;30/01/2011;;30/12/2012;"1";TRUE;FALSE;FALSE;
25;10;1;30/04/2011;30/04/2014;30/03/2012;30/03/2012;;30/06/2014;"2";TRUE;FALSE;FALSE;
26;6;3;30/01/2010;31/03/2010;;30/01/2010;30/07/2010;30/07/2010;"1";TRUE;FALSE;FALSE;
27;6;1;31/03/2010;31/12/2010;30/08/2011;30/08/2011;;31/12/2013;"2";TRUE;FALSE;FALSE;
28;6;6;30/08/2011;30/12/2012;;30/08/2011;;31/12/2013;"3";TRUE;FALSE;FALSE;
29;11;1;30/06/2004;30/11/2011;30/11/2009;30/11/2009;21/02/2014;21/02/2014;"2";TRUE;FALSE;FALSE;
30;3;6;30/05/2010;31/12/2012;;31/05/2010;;30/05/2014;"3";TRUE;FALSE;FALSE;
31;12;1;30/07/2011;30/01/2012;;30/07/2011;30/01/2012;;"1";TRUE;FALSE;FALSE;
35;15;3;28/02/2011;30/07/2011;30/01/2011;30/01/2011;;30/05/2012;"1";TRUE;FALSE;FALSE;
36;15;1;30/01/2012;30/07/2013;30/04/2012;30/04/2012;;30/04/2014;"2";TRUE;FALSE;FALSE;
37;16;3;30/05/2010;30/06/2010;;30/05/2010;30/06/2010;;"1";TRUE;FALSE;FALSE;
38;16;1;30/06/2011;30/11/2011;;30/06/2011;30/11/2011;;"2";TRUE;FALSE;FALSE;
41;18;3;30/01/2008;30/08/2011;30/01/2010;30/01/2010;30/04/2011;30/04/2011;"1";TRUE;FALSE;FALSE;
42;18;1;28/02/2011;30/12/2013;30/11/2011;;;07/06/2014;"4";TRUE;FALSE;FALSE;
43;19;1;30/05/2010;30/12/2011;;30/03/2010;30/12/2011;;"1";TRUE;FALSE;FALSE;
47;22;1;30/10/2010;30/12/2011;;30/10/2010;30/08/2011;30/08/2011;"2";TRUE;FALSE;FALSE;
49;24;3;30/12/2011;28/02/2012;30/05/2011;30/05/2011;30/05/2011;30/05/2011;"1";TRUE;FALSE;FALSE;
52;24;1;30/08/2012;30/06/2013;30/08/2011;30/08/2011;29/06/2012;30/05/2012;"2";TRUE;FALSE;FALSE;
55;26;3;30/03/2009;30/06/2010;;30/03/2009;30/08/2010;30/08/2010;"1";TRUE;FALSE;FALSE;
56;26;1;30/01/2011;30/10/2013;30/09/2011;30/09/2011;;27/04/2014;"3";TRUE;FALSE;FALSE;
57;27;3;30/12/2010;30/07/2011;30/11/2011;30/11/2011;27/07/2012;30/07/2012;"1";TRUE;FALSE;FALSE;
58;27;1;30/12/2011;30/10/2013;30/09/2012;;;30/04/2014;"2";TRUE;FALSE;FALSE;
65;30;3;30/01/2011;30/06/2011;30/05/2011;30/05/2011;;25/11/2013;"1";TRUE;FALSE;FALSE;
66;30;1;30/01/2012;30/07/2013;30/10/2012;;;30/05/2014;"4";TRUE;FALSE;FALSE;
68;32;3;30/01/2003;30/05/2003;;30/01/2003;30/05/2003;;"1";TRUE;FALSE;FALSE;
70;33;1;30/09/2011;30/04/2012;;30/09/2011;17/06/2012;30/05/2012;"2";TRUE;FALSE;FALSE;
71;34;3;28/02/2009;30/08/2010;30/03/2009;30/03/2009;30/08/2011;30/08/2011;"2";TRUE;FALSE;FALSE;
72;34;4;30/04/2012;30/03/2013;;;;20/09/2013;"1";TRUE;FALSE;FALSE;
73;34;1;30/09/2008;30/09/2012;;30/07/2008;;31/05/2014;"3";TRUE;FALSE;FALSE;
74;35;3;30/03/2009;30/11/2010;;30/03/2009;30/11/2011;30/11/2011;"1";TRUE;FALSE;FALSE;
75;35;1;30/11/2008;30/04/2011;;30/11/2008;;26/04/2014;"2";TRUE;FALSE;FALSE;
76;36;1;30/10/2011;30/10/2013;;30/10/2011;;16/03/2014;"2";TRUE;FALSE;FALSE;
77;37;3;30/12/2010;30/06/2011;30/04/2011;30/09/2011;22/07/2012;30/12/2011;"1";TRUE;FALSE;FALSE;
78;37;1;30/01/2012;30/03/2013;30/09/2012;;;06/06/2014;"2";TRUE;FALSE;FALSE;
79;38;3;30/04/2011;30/12/2011;;30/04/2011;30/04/2012;30/04/2012;"1";TRUE;FALSE;FALSE;
80;38;1;30/05/2012;30/06/2013;30/08/2012;;;30/09/2013;"2";TRUE;FALSE;FALSE;
81;39;3;30/09/2009;30/07/2010;;30/09/2009;30/07/2010;;"1";TRUE;FALSE;FALSE;
82;39;1;30/01/2011;30/12/2011;30/05/2012;;;30/06/2014;"2";TRUE;FALSE;FALSE;
83;40;3;30/11/2010;30/04/2011;30/08/2011;30/08/2011;20/05/2013;30/10/2012;"1";TRUE;FALSE;FALSE;
84;40;1;30/09/2011;30/06/2013;30/09/2012;;;30/05/2014;"3";TRUE;FALSE;FALSE;
87;42;1;30/05/2011;30/11/2011;;30/05/2011;30/01/2012;30/01/2012;"2";TRUE;FALSE;FALSE;
88;43;3;30/07/2010;30/11/2010;30/05/2011;30/05/2011;30/08/2011;30/08/2011;"1";TRUE;FALSE;FALSE;
89;43;5;30/12/2010;30/05/2011;30/06/2010;30/06/2010;30/01/2012;30/11/2011;"3";TRUE;FALSE;FALSE;
90;43;1;30/06/2011;30/12/2013;30/03/2012;30/03/2012;;30/05/2014;"4";TRUE;FALSE;FALSE;
91;44;3;30/11/2010;30/03/2011;30/04/2012;23/08/2012;;20/02/2013;"1";TRUE;FALSE;FALSE;
92;44;5;30/04/2011;30/09/2012;30/06/2011;30/06/2011;;30/01/2013;"2";TRUE;FALSE;FALSE;
93;44;1;30/10/2012;30/12/2013;30/01/2013;;;30/05/2014;"3";TRUE;FALSE;FALSE;
94;45;3;30/03/2011;30/07/2011;30/05/2011;30/05/2011;30/08/2011;30/08/2011;"1";TRUE;FALSE;FALSE;
95;45;5;30/08/2011;30/01/2012;30/07/2010;30/07/2010;30/07/2011;30/07/2011;"2";TRUE;FALSE;FALSE;
96;45;1;28/02/2012;30/10/2013;30/05/2012;30/05/2012;;30/08/2013;"3";TRUE;FALSE;FALSE;
97;46;5;30/03/2011;30/10/2011;14/10/2011;14/10/2011;13/10/2013;13/10/2013;"1";TRUE;FALSE;FALSE;
98;46;1;30/06/2010;30/12/2013;07/11/2011;07/11/2011;;06/11/2013;"2";TRUE;FALSE;FALSE;
102;48;3;30/03/2011;30/08/2011;30/04/2011;30/04/2011;30/08/2011;;"1";TRUE;FALSE;FALSE;
103;48;5;30/09/2011;28/02/2012;30/10/2010;30/10/2010;30/12/2011;30/12/2011;"2";TRUE;FALSE;FALSE;
104;48;1;30/03/2012;30/12/2013;30/05/2012;;;30/04/2014;"3";TRUE;FALSE;FALSE;
105;49;5;30/03/2011;30/08/2011;30/11/2010;30/11/2010;;30/05/2012;"2";TRUE;FALSE;FALSE;
106;49;1;30/12/2011;30/11/2013;31/08/2012;;28/04/2014;28/02/2014;"3";TRUE;FALSE;FALSE;
107;50;3;30/12/2009;30/01/2010;;30/12/2009;30/05/2011;30/05/2011;"1";TRUE;FALSE;FALSE;
108;50;1;30/03/2010;30/12/2012;30/08/2010;30/08/2010;28/05/2013;30/04/2013;"2";TRUE;FALSE;FALSE;
109;50;6;30/08/2010;28/05/2013;;30/08/2010;28/05/2013;;"3";TRUE;FALSE;FALSE;
110;51;4;30/01/2009;30/07/2010;;30/01/2009;30/07/2012;30/06/2012;"3";TRUE;FALSE;FALSE;
111;51;2;30/05/2010;30/10/2011;;30/05/2010;;31/12/2013;"1";TRUE;FALSE;FALSE;
112;51;1;30/07/2010;30/09/2012;30/06/2010;30/06/2010;;30/04/2014;"2";TRUE;FALSE;FALSE;
113;138;4;30/05/2010;30/10/2010;30/05/2010;30/05/2010;30/06/2013;30/06/2013;"1";TRUE;FALSE;FALSE;
114;138;2;28/02/2011;30/01/2012;30/01/2013;;31/05/2013;31/05/2013;"2";TRUE;FALSE;FALSE;
115;138;1;30/03/2011;30/10/2012;30/04/2012;30/04/2012;;31/05/2014;"3";TRUE;FALSE;FALSE;
116;139;4;30/05/2009;30/07/2010;30/05/2009;30/05/2009;30/09/2011;30/09/2011;"1";TRUE;FALSE;FALSE;
117;139;1;30/12/2010;30/06/2012;30/04/2012;30/03/2012;;31/12/2013;"2";TRUE;FALSE;FALSE;
118;140;1;30/10/2010;30/03/2012;30/11/2010;30/11/2010;;28/02/2014;"2";TRUE;FALSE;FALSE;
119;141;3;30/09/2008;30/01/2009;;30/09/2008;30/01/2010;30/01/2010;"1";TRUE;FALSE;FALSE;
120;141;1;30/03/2010;31/12/2012;30/06/2010;30/06/2010;29/03/2013;28/02/2013;"2";TRUE;FALSE;FALSE;
121;141;6;30/06/2010;30/06/2010;;30/06/2010;29/03/2013;;"3";TRUE;FALSE;FALSE;
122;142;4;30/05/2009;30/01/2010;;30/05/2009;30/09/2010;30/09/2010;"1";TRUE;FALSE;FALSE;
123;142;2;30/05/2010;30/10/2010;30/09/2011;30/09/2011;;31/12/2013;"2";TRUE;FALSE;FALSE;
124;142;1;30/06/2010;30/09/2011;30/09/2011;30/09/2011;;30/03/2014;"3";TRUE;FALSE;FALSE;
128;144;4;30/05/2010;30/10/2010;;30/05/2010;31/07/2012;30/05/2012;"1";TRUE;FALSE;FALSE;
129;144;1;30/03/2011;30/09/2011;30/09/2011;30/09/2011;;30/04/2014;"2";TRUE;FALSE;FALSE;
130;146;4;30/04/2008;30/10/2010;;30/04/2008;30/06/2011;30/06/2011;"1";TRUE;FALSE;FALSE;
131;146;1;30/06/2010;30/09/2012;;30/06/2010;30/06/2013;30/06/2013;"2";TRUE;FALSE;FALSE;
134;150;3;30/05/2011;28/02/2012;;30/05/2011;;28/02/2013;"1";TRUE;FALSE;FALSE;
135;150;1;30/11/2010;30/11/2011;31/12/2012;28/02/2013;;30/05/2014;"2";TRUE;FALSE;FALSE;
136;151;3;30/01/2010;30/06/2010;;30/01/2010;31/05/2011;31/05/2011;"1";TRUE;FALSE;FALSE;
137;151;1;30/07/2010;30/12/2011;30/05/2011;30/05/2011;;28/02/2014;"3";TRUE;FALSE;FALSE;
138;152;3;30/09/2011;30/12/2011;30/06/2012;;;31/12/2013;"1";TRUE;FALSE;FALSE;
139;152;2;30/09/2011;30/03/2012;30/09/2012;;;31/05/2014;"2";TRUE;FALSE;FALSE;
140;152;1;30/03/2012;30/12/2013;31/08/2012;31/08/2012;;10/06/2014;"3";TRUE;FALSE;FALSE;
141;153;3;30/09/2011;30/06/2012;;30/09/2011;31/07/2012;31/07/2012;"1";TRUE;FALSE;FALSE;
142;153;1;30/03/2012;30/12/2013;;30/03/2012;;31/03/2014;"3";TRUE;FALSE;FALSE;
144;154;3;30/04/2010;30/10/2010;30/01/2011;30/01/2011;31/03/2012;30/10/2011;"1";TRUE;FALSE;FALSE;
145;154;2;30/10/2010;30/03/2011;30/07/2011;30/07/2011;;30/08/2013;"2";TRUE;FALSE;FALSE;
146;154;1;30/03/2011;30/12/2012;30/01/2012;31/05/2012;;31/05/2014;"3";TRUE;FALSE;FALSE;
147;155;3;30/11/2009;30/08/2010;30/04/2011;30/04/2011;;31/03/2012;"1";TRUE;FALSE;FALSE;
148;155;1;30/01/2011;30/12/2012;30/01/2012;30/04/2012;;30/04/2014;"2";TRUE;FALSE;FALSE;
151;157;3;30/07/2010;30/10/2010;30/03/2011;30/03/2011;31/03/2012;30/09/2011;"1";TRUE;FALSE;FALSE;
152;157;2;30/10/2010;30/06/2011;;;;;"2";TRUE;FALSE;FALSE;
153;157;1;30/06/2011;30/12/2012;30/03/2012;30/06/2012;;31/05/2014;"3";TRUE;FALSE;FALSE;
154;158;3;30/07/2010;30/12/2010;30/08/2010;30/08/2010;30/06/2011;30/06/2011;"1";TRUE;FALSE;FALSE;
155;158;1;30/06/2011;30/12/2012;30/12/2011;31/03/2012;;31/05/2014;"2";TRUE;FALSE;FALSE;
156;159;3;30/01/2010;30/10/2011;;30/01/2010;28/02/2012;;"1";TRUE;FALSE;FALSE;
157;159;1;30/10/2010;30/10/2012;30/01/2012;31/05/2012;;28/02/2014;"2";TRUE;FALSE;FALSE;
158;160;4;28/02/2010;30/06/2010;30/08/2010;30/08/2010;31/03/2012;30/12/2011;"1";TRUE;FALSE;FALSE;
165;162;3;30/04/2010;30/09/2010;30/07/2011;11/07/2011;23/12/2012;31/12/2012;"1";TRUE;FALSE;FALSE;
170;147;4;30/04/2008;30/03/2012;;30/04/2008;30/03/2012;;"1";TRUE;FALSE;FALSE;
172;145;4;30/12/2009;30/06/2011;;30/12/2009;30/06/2011;;"1";TRUE;FALSE;FALSE;
173;145;2;30/12/2010;30/06/2012;;30/10/2011;31/05/2013;;"2";TRUE;FALSE;FALSE;
174;145;1;30/10/2011;12/06/2013;;30/10/2011;;31/12/2013;"3";TRUE;FALSE;FALSE;
175;145;6;30/10/2011;30/06/2013;;30/10/2011;;31/12/2013;"4";TRUE;FALSE;FALSE;
176;148;4;30/07/2009;30/10/2013;;30/07/2009;;;"1";TRUE;FALSE;FALSE;
177;148;1;30/05/2011;31/12/2013;;30/05/2011;;;"2";TRUE;FALSE;FALSE;
178;1;4;30/11/2009;31/05/2010;;30/11/2009;31/05/2010;;"5";TRUE;FALSE;FALSE;
179;1;9;30/01/2010;19/12/2012;;30/12/2010;31/12/2012;;"6";TRUE;FALSE;FALSE;
180;1;10;30/01/2010;20/12/2012;;30/12/2010;31/12/2012;;"7";TRUE;FALSE;FALSE;
181;5;3;28/02/2009;31/12/2009;;28/02/2009;31/12/2009;;"1";TRUE;FALSE;FALSE;
182;43;4;30/03/2012;30/06/2012;;30/03/2012;;;"2";TRUE;FALSE;FALSE;
183;46;3;30/09/2009;30/07/2011;;30/09/2009;30/07/2011;;"3";TRUE;FALSE;FALSE;
184;147;1;30/07/2010;30/12/2013;;30/07/2010;;;"2";TRUE;FALSE;FALSE;
185;49;3;30/11/2010;30/06/2011;;30/11/2010;30/06/2011;;"1";TRUE;FALSE;FALSE;
186;181;1;01/08/2010;31/12/2012;;01/08/2010;20/04/2013;31/03/2013;"1";TRUE;FALSE;FALSE;
188;179;1;29/11/2011;28/02/2013;;29/11/2011;;31/01/2014;"1";TRUE;FALSE;FALSE;
189;184;1;01/03/2009;30/06/2012;;01/03/2009;01/11/2012;;"1";TRUE;FALSE;FALSE;
190;182;1;01/11/2009;30/04/2012;;01/11/2009;26/09/2012;26/09/2012;"1";TRUE;FALSE;FALSE;
191;185;1;01/05/2010;31/08/2012;;01/05/2010;30/10/2012;30/09/2012;"1";TRUE;FALSE;FALSE;
192;186;3;30/08/2011;30/05/2012;;30/08/2011;30/05/2012;;"1";TRUE;FALSE;FALSE;
193;186;1;30/09/2012;30/11/2013;;;;31/05/2014;"2";TRUE;FALSE;FALSE;
202;26;4;30/09/2011;30/06/2012;;30/09/2011;31/07/2013;;"2";TRUE;FALSE;FALSE;
209;194;3;28/02/2009;30/11/2011;;28/02/2009;30/11/2011;;"1";TRUE;FALSE;FALSE;
210;194;1;30/04/2011;30/07/2012;;30/04/2011;30/11/2012;;"2";TRUE;FALSE;FALSE;
211;195;10;30/07/2011;28/02/2012;;30/07/2011;28/02/2012;;"2";TRUE;FALSE;FALSE;
212;195;10;30/03/2012;30/05/2012;;;;;"1";TRUE;FALSE;FALSE;
213;195;1;30/09/2012;30/03/2014;;;;30/05/2014;"3";TRUE;FALSE;FALSE;
223;30;4;30/06/2012;30/11/2012;;;;15/12/2013;"2";TRUE;FALSE;FALSE;
224;30;5;05/05/2009;30/09/2011;;05/05/2009;30/09/2011;;"3";TRUE;FALSE;FALSE;
225;32;4;30/07/2009;30/09/2010;;30/07/2009;30/09/2010;;"2";TRUE;FALSE;FALSE;
226;32;5;30/05/2009;30/09/2011;;30/05/2009;30/09/2011;;"3";TRUE;FALSE;FALSE;
227;33;4;30/08/2009;30/04/2011;;30/08/2009;30/04/2011;;"1";TRUE;FALSE;FALSE;
228;9;4;30/04/2012;30/12/2013;;;;31/03/2014;"2";TRUE;FALSE;FALSE;
229;200;3;30/04/2010;30/08/2010;30/05/2010;30/05/2010;30/07/2011;30/07/2011;"1";TRUE;FALSE;FALSE;
230;200;2;30/07/2010;30/01/2013;30/05/2010;30/05/2010;;30/06/2014;"2";TRUE;FALSE;FALSE;
231;200;1;30/01/2011;30/06/2013;30/03/2012;30/03/2012;;16/08/2014;"3";TRUE;FALSE;FALSE;
232;18;4;30/11/2011;30/04/2012;;30/11/2011;30/04/2012;;"2";TRUE;FALSE;FALSE;
233;18;5;30/04/2011;30/06/2011;;30/04/2011;30/06/2011;;"3";TRUE;FALSE;FALSE;
234;201;3;30/09/2009;30/04/2010;;30/09/2009;30/07/2011;30/07/2011;"1";TRUE;FALSE;FALSE;
235;201;2;30/07/2010;30/06/2012;;30/07/2010;;30/11/2014;"2";TRUE;FALSE;FALSE;
236;201;1;30/01/2011;30/12/2012;30/01/2012;30/01/2012;;31/12/2015;"3";TRUE;FALSE;FALSE;
240;11;3;30/01/2007;30/07/2007;;30/01/2007;30/07/2007;;"1";TRUE;FALSE;FALSE;
241;205;3;30/04/2010;30/12/2010;30/06/2010;30/06/2010;22/07/2011;30/03/2012;"1";TRUE;FALSE;FALSE;
242;205;2;30/06/2011;30/06/2012;30/09/2011;30/09/2011;;30/05/2014;"2";TRUE;FALSE;FALSE;
243;205;1;30/04/2011;30/04/2013;30/11/2011;31/10/2011;;30/08/2014;"3";TRUE;FALSE;FALSE;
244;206;3;30/10/2009;30/01/2010;20/07/2009;20/07/2009;31/07/2011;31/07/2011;"1";TRUE;FALSE;FALSE;
245;206;1;30/04/2010;30/10/2012;31/12/2011;31/12/2011;;30/09/2014;"2";TRUE;FALSE;FALSE;
246;207;3;30/06/2009;30/12/2009;30/07/2010;30/07/2010;24/05/2011;01/08/2011;"1";TRUE;FALSE;FALSE;
247;207;2;30/03/2012;30/11/2012;;30/09/2011;;30/08/2014;"2";TRUE;FALSE;FALSE;
248;207;1;30/10/2010;30/05/2013;30/12/2011;30/12/2011;;31/01/2016;"3";TRUE;FALSE;FALSE;
249;208;3;30/03/2007;30/12/2008;30/03/2007;30/03/2007;30/09/2007;30/09/2007;"2";TRUE;FALSE;FALSE;
250;208;4;30/05/2009;30/12/2011;30/12/2009;30/12/2009;30/08/2011;30/08/2011;"1";TRUE;FALSE;FALSE;
251;208;2;28/02/2010;30/12/2012;;31/05/2010;;15/11/2013;"4";TRUE;FALSE;FALSE;
252;208;1;22/09/2013;22/09/2013;30/04/2011;30/04/2011;;30/04/2014;"3";TRUE;FALSE;FALSE;
253;209;3;30/04/2010;30/09/2010;;30/04/2010;15/06/2011;31/12/2011;"1";TRUE;FALSE;FALSE;
254;209;2;30/09/2011;30/11/2012;;30/09/2011;31/07/2013;31/01/2013;"2";TRUE;FALSE;FALSE;
255;209;1;30/01/2011;30/07/2012;30/12/2011;30/12/2011;;10/06/2014;"3";TRUE;FALSE;FALSE;
257;42;3;30/05/2011;30/08/2011;;30/05/2011;30/08/2011;;"1";TRUE;FALSE;FALSE;
258;40;4;30/06/2012;28/02/2013;;;25/08/2013;;"2";TRUE;FALSE;FALSE;
260;210;3;30/09/2009;30/04/2010;;30/09/2009;30/07/2011;30/07/2011;"1";TRUE;FALSE;FALSE;
261;210;2;30/09/2010;30/08/2012;;30/09/2010;;31/10/2014;"2";TRUE;FALSE;FALSE;
262;210;1;30/01/2011;30/12/2012;30/01/2012;29/02/2012;;30/06/2015;"3";TRUE;FALSE;FALSE;
263;212;3;30/09/2009;30/04/2010;;30/09/2009;30/07/2011;30/07/2011;"1";TRUE;FALSE;FALSE;
264;212;2;30/10/2010;30/12/2011;;30/10/2010;;31/10/2014;"2";TRUE;FALSE;FALSE;
265;212;1;30/01/2011;30/12/2012;30/01/2012;30/01/2012;;30/11/2014;"3";TRUE;FALSE;FALSE;
266;213;3;30/09/2009;30/04/2010;;30/09/2009;30/07/2011;30/07/2011;"1";TRUE;FALSE;FALSE;
267;213;2;30/01/2011;30/06/2012;;30/01/2011;;31/07/2014;"2";TRUE;FALSE;FALSE;
268;213;1;30/01/2011;30/12/2012;30/01/2012;30/01/2012;;30/11/2014;"3";TRUE;FALSE;FALSE;
272;214;3;30/04/2010;30/09/2010;30/09/2010;30/09/2010;30/04/2011;30/04/2011;"3";TRUE;FALSE;FALSE;
273;214;2;30/07/2010;30/06/2011;29/02/2012;29/02/2012;;31/08/2014;"1";TRUE;FALSE;FALSE;
274;214;1;30/03/2011;30/12/2012;30/07/2012;30/06/2012;;21/12/2014;"2";TRUE;FALSE;FALSE;
278;216;2;30/04/2010;31/07/2011;31/05/2010;31/05/2010;;28/02/2013;"1";TRUE;FALSE;FALSE;
279;216;1;30/06/2012;31/03/2014;31/01/2013;;;30/04/2014;"2";TRUE;FALSE;FALSE;
280;217;3;30/03/2010;30/06/2012;;30/03/2010;31/10/2013;30/09/2012;"1";TRUE;FALSE;FALSE;
281;217;2;30/03/2012;30/12/2012;;30/03/2012;;28/02/2014;"3";TRUE;FALSE;FALSE;
282;217;1;30/04/2012;30/12/2013;;30/04/2012;;31/05/2014;"4";TRUE;FALSE;FALSE;
283;218;3;30/10/2006;30/10/2009;;30/10/2006;30/10/2009;;"1";TRUE;FALSE;FALSE;
284;218;2;30/05/2010;30/07/2010;;30/05/2010;;31/03/2013;"2";TRUE;FALSE;FALSE;
285;218;1;30/12/2010;30/07/2011;31/01/2013;;;31/03/2014;"3";TRUE;FALSE;FALSE;
286;36;3;30/01/2010;30/12/2010;;30/01/2010;30/12/2010;;"1";TRUE;FALSE;FALSE;
287;19;3;30/05/2010;30/12/2011;;30/03/2010;30/12/2011;;"2";TRUE;FALSE;FALSE;
291;221;11;30/07/2011;28/02/2012;;30/07/2011;28/02/2012;;"2";TRUE;FALSE;FALSE;
292;221;12;30/03/2012;30/05/2012;;30/03/2012;14/06/2012;;"1";TRUE;FALSE;FALSE;
293;221;1;30/09/2012;30/03/2014;;01/10/2012;;31/05/2014;"3";TRUE;FALSE;FALSE;
294;22;3;30/04/2010;30/06/2010;28/02/2010;28/02/2010;30/05/2010;30/05/2010;"1";TRUE;FALSE;FALSE;
295;204;1;30/05/2010;28/02/2013;10/03/2011;16/03/2011;;29/05/2014;"3";TRUE;FALSE;FALSE;
296;204;2;30/12/2009;30/12/2012;;30/12/2009;29/11/2013;30/11/2013;"1";TRUE;FALSE;FALSE;
297;204;4;31/05/2004;30/08/2012;;31/05/2004;;31/12/2013;"2";TRUE;FALSE;FALSE;
306;266;1;31/12/2012;30/05/2013;;;;;"1";TRUE;FALSE;FALSE;
307;148;9;04/11/2011;16/12/2013;;04/11/2011;;;"3";TRUE;FALSE;FALSE;
308;4;9;01/09/2011;30/09/2012;;01/09/2011;14/12/2012;;"3";TRUE;FALSE;FALSE;
309;267;1;31/12/2012;31/05/2013;;;;;"1";TRUE;FALSE;FALSE;
310;268;1;31/12/2012;31/05/2013;;;;;"1";TRUE;FALSE;FALSE;
311;269;1;31/12/2012;31/05/2013;;;;;"1";TRUE;FALSE;FALSE;
312;270;50;31/12/2012;31/05/2013;29/05/2014;;;29/08/2014;"1";TRUE;FALSE;FALSE;
314;273;1;31/12/2012;31/05/2013;;;;;"1";TRUE;FALSE;FALSE;
315;274;50;01/02/2013;20/05/2013;;;02/04/2014;;"1";TRUE;FALSE;FALSE;
316;275;1;31/12/2012;31/05/2013;;;;;"1";TRUE;FALSE;FALSE;
317;276;1;14/10/2013;30/05/2014;;;;;"2";TRUE;FALSE;FALSE;
318;277;1;31/12/2012;31/05/2013;;;;;"1";TRUE;FALSE;FALSE;
319;278;1;31/12/2012;31/05/2013;;;;;"1";TRUE;FALSE;FALSE;
321;280;1;31/12/2012;31/05/2013;;;;;"1";TRUE;FALSE;FALSE;
322;281;1;31/12/2012;31/05/2013;;;;;"1";TRUE;FALSE;FALSE;
323;282;1;31/12/2012;31/05/2013;;;;;"1";TRUE;FALSE;FALSE;
326;285;1;31/12/2012;31/05/2013;;;;;"1";TRUE;FALSE;FALSE;
327;286;1;31/12/2012;31/05/2013;;;;;"1";TRUE;FALSE;FALSE;
330;298;1;31/12/2012;31/05/2013;;;;;"1";TRUE;FALSE;FALSE;
332;308;1;31/12/2012;31/05/2013;;;;;"1";TRUE;FALSE;FALSE;
333;314;1;31/12/2012;31/05/2013;;;;;"1";TRUE;FALSE;FALSE;
334;315;1;31/12/2012;31/05/2013;;;;;"1";TRUE;FALSE;FALSE;
335;316;1;31/12/2012;31/05/2013;;;;;"1";TRUE;FALSE;FALSE;
336;317;1;31/12/2012;31/05/2013;;;;;"1";TRUE;FALSE;FALSE;
342;323;1;31/12/2012;31/05/2013;;;;;"1";TRUE;FALSE;FALSE;
343;180;1;19/11/2010;30/04/2014;;;;31/12/2014;"1";TRUE;FALSE;FALSE;
344;1;1;21/12/2010;20/12/2012;;21/12/2010;28/12/2012;;"8";TRUE;FALSE;FALSE;
350;162;1;30/09/2010;30/03/2012;30/07/2013;;;28/02/2014;"6";TRUE;FALSE;FALSE;
351;162;1;30/09/2010;30/09/2012;31/12/2012;27/12/2012;;27/12/2013;"7";TRUE;FALSE;FALSE;
352;162;1;30/10/2010;30/06/2012;28/02/2013;01/03/2013;;28/02/2014;"8";TRUE;FALSE;FALSE;
357;336;51;01/05/2012;01/02/2013;;;;;"1";TRUE;FALSE;FALSE;
358;337;51;01/05/2012;01/02/2013;;04/04/2014;04/04/2014;;"1";TRUE;FALSE;FALSE;
360;338;51;01/05/2012;01/02/2013;;;;;"1";TRUE;FALSE;FALSE;
361;339;51;01/05/2012;01/02/2013;;;;;"1";TRUE;FALSE;FALSE;
363;340;51;01/05/2012;01/02/2013;;;;;"1";TRUE;FALSE;FALSE;
364;341;51;01/05/2012;01/02/2013;;;;;"1";TRUE;FALSE;FALSE;
366;342;51;01/05/2012;01/02/2013;;;;;"1";TRUE;FALSE;FALSE;
367;343;51;01/05/2012;01/02/2013;;;;;"1";TRUE;FALSE;FALSE;
368;344;51;01/05/2012;01/02/2013;;;;;"1";TRUE;FALSE;FALSE;
370;346;51;01/05/2012;01/02/2013;;;;;"1";TRUE;FALSE;FALSE;
372;347;51;01/05/2012;01/02/2013;;;;;"1";TRUE;FALSE;FALSE;
377;348;51;01/08/2012;01/12/2013;;;;;"1";TRUE;FALSE;FALSE;
380;349;50;01/08/2012;01/12/2013;;;;;"1";TRUE;FALSE;FALSE;
381;350;50;01/05/2012;01/12/2013;;;;;"1";TRUE;FALSE;FALSE;
383;352;51;01/07/2012;31/12/2014;;;;;"1";TRUE;FALSE;FALSE;
384;353;51;01/07/2012;31/12/2014;;;;;"1";TRUE;FALSE;FALSE;
385;354;51;01/07/2012;31/12/2014;;;;;"1";TRUE;FALSE;FALSE;
386;355;51;01/07/2012;31/12/2014;;;;;"1";TRUE;FALSE;FALSE;
391;356;51;01/07/2012;31/12/2014;;;;;"1";TRUE;FALSE;FALSE;
392;357;51;01/07/2012;31/12/2014;;;;;"1";TRUE;FALSE;FALSE;
393;358;51;01/07/2012;31/12/2014;;;;;"1";TRUE;FALSE;FALSE;
394;359;51;01/07/2012;31/12/2014;;;;;"1";TRUE;FALSE;FALSE;
395;360;51;01/07/2012;31/12/2014;;;;;"1";TRUE;FALSE;FALSE;
396;361;51;01/07/2012;31/12/2014;;;;;"1";TRUE;FALSE;FALSE;
397;363;51;01/01/2013;31/12/2014;;;;;"1";TRUE;FALSE;FALSE;
398;362;51;30/07/2012;30/12/2014;;;;;"1";TRUE;FALSE;FALSE;
399;364;51;30/07/2012;30/12/2014;;;;;"1";TRUE;FALSE;FALSE;
400;365;51;30/07/2012;30/12/2014;;;;;"1";TRUE;FALSE;FALSE;
401;366;51;30/07/2012;30/12/2014;;;;;"1";TRUE;FALSE;FALSE;
403;367;51;30/07/2012;30/12/2014;;;;;"1";TRUE;FALSE;FALSE;
404;368;51;30/07/2012;30/12/2014;;;;;"1";TRUE;FALSE;FALSE;
410;369;51;30/07/2012;30/12/2014;;;;;"1";TRUE;FALSE;FALSE;
421;160;1;30/12/2010;30/12/2012;30/08/2012;27/11/2012;;31/03/2014;"4";TRUE;FALSE;FALSE;
432;140;4;30/05/2009;30/03/2012;;30/05/2009;30/05/2012;30/05/2012;"1";TRUE;FALSE;FALSE;
433;206;2;30/09/2011;31/01/2013;;30/09/2011;;30/06/2014;"3";TRUE;FALSE;FALSE;
434;160;2;31/07/2011;31/10/2012;;31/07/2011;31/10/2012;;"5";TRUE;FALSE;FALSE;
435;162;2;31/10/2011;28/02/2013;;31/10/2011;;31/03/2013;"9";TRUE;FALSE;FALSE;
438;216;3;31/12/2004;31/12/2004;;;31/12/2004;;"3";TRUE;FALSE;FALSE;
439;151;2;31/10/2011;30/11/2012;;31/10/2011;;31/12/2013;"2";TRUE;FALSE;FALSE;
440;389;1;01/12/2012;31/12/2013;01/05/2013;;;;"1";TRUE;FALSE;FALSE;
441;390;4;01/09/2010;31/12/2010;;;;;"1";TRUE;FALSE;FALSE;
442;390;1;01/12/2011;31/01/2013;;;;30/03/2013;"2";TRUE;FALSE;FALSE;
443;391;1;01/07/2012;31/01/2014;;;;;"1";TRUE;FALSE;FALSE;
444;392;4;01/03/2012;30/04/2013;01/04/2013;;;30/05/2014;"1";TRUE;FALSE;FALSE;
445;392;1;01/02/2013;31/05/2014;01/04/2013;;;30/05/2014;"2";TRUE;FALSE;FALSE;
446;393;4;01/12/2010;30/06/2012;;01/12/2010;30/06/2012;;"1";TRUE;FALSE;FALSE;
447;393;2;01/08/2012;30/09/2012;;;;;"2";TRUE;FALSE;FALSE;
448;393;1;01/05/2012;28/02/2013;;01/05/2012;30/07/2013;;"3";TRUE;FALSE;FALSE;
449;394;4;01/12/2010;31/03/2011;;;;;"1";TRUE;FALSE;FALSE;
450;394;1;01/05/2012;31/01/2013;;;;;"2";TRUE;FALSE;FALSE;
451;395;4;01/10/2011;31/12/2012;;;;28/02/2014;"1";TRUE;FALSE;FALSE;
452;395;1;01/09/2012;30/04/2014;;;;;"2";TRUE;FALSE;FALSE;
453;396;6;01/08/2012;30/05/2014;;;;;"1";TRUE;FALSE;FALSE;
458;400;4;01/01/2008;31/05/2008;;;;;"1";TRUE;FALSE;FALSE;
459;400;1;01/02/2010;28/02/2013;;;;;"2";TRUE;FALSE;FALSE;
462;415;1;08/02/2013;10/09/2013;;;;;"1";TRUE;FALSE;FALSE;
464;419;1;04/06/2010;14/11/2011;;;;;"1";TRUE;FALSE;FALSE;
465;417;1;12/05/2010;12/05/2012;;;;;"1";TRUE;FALSE;FALSE;
466;422;1;03/04/2012;30/11/2013;;;;;"1";TRUE;FALSE;FALSE;
467;425;1;26/04/2012;01/09/2012;;;;;"1";TRUE;FALSE;FALSE;
468;427;1;31/05/2012;31/05/2013;;;;;"1";TRUE;FALSE;FALSE;
469;428;1;29/06/2012;30/06/2013;;;;;"1";TRUE;FALSE;FALSE;
471;430;1;17/12/2010;17/12/2011;;;01/12/2011;;"1";TRUE;FALSE;FALSE;
472;424;1;20/03/2012;05/07/2012;;;;;"1";TRUE;FALSE;FALSE;
473;434;1;01/05/2011;23/11/2011;;;;;"1";TRUE;FALSE;FALSE;
474;435;1;13/09/2010;01/12/2013;;;;;"1";TRUE;FALSE;FALSE;
475;436;1;20/12/2012;01/06/2014;;;;;"1";TRUE;FALSE;FALSE;
476;437;1;13/12/2011;18/06/2012;;;;;"1";TRUE;FALSE;FALSE;
477;454;1;30/01/2013;30/12/2013;;;;;"1";TRUE;FALSE;FALSE;
478;409;1;01/11/2012;30/09/2015;;;;;"1";TRUE;FALSE;FALSE;
479;403;1;06/08/2012;01/04/2014;;;;01/10/2014;"1";TRUE;FALSE;FALSE;
482;456;1;28/06/2011;09/12/2012;;;;;"1";TRUE;FALSE;FALSE;
483;457;4;19/07/2011;30/09/2011;;19/07/2011;06/02/2012;;"1";TRUE;FALSE;FALSE;
484;457;50;28/01/2011;28/12/2012;20/08/2012;26/04/2013;;30/05/2014;"2";TRUE;FALSE;FALSE;
485;458;1;12/02/2011;26/03/2012;;;;;"1";TRUE;FALSE;FALSE;
486;459;1;09/02/2011;22/06/2012;;;;;"1";TRUE;FALSE;FALSE;
487;464;1;16/10/2012;30/05/2013;;;;;"1";TRUE;FALSE;FALSE;
488;465;1;19/12/2012;30/06/2013;;;;;"1";TRUE;FALSE;FALSE;
489;468;3;01/02/2010;01/06/2010;30/08/2010;30/08/2010;30/03/2012;30/12/2011;"1";TRUE;FALSE;FALSE;
490;468;1;30/12/2010;30/12/2012;30/04/2012;30/04/2012;;30/05/2014;"2";TRUE;FALSE;FALSE;
491;46;4;30/09/2010;30/07/2011;;30/09/2010;29/07/2011;;"4";TRUE;FALSE;FALSE;
492;46;12;14/12/2011;14/12/2011;;04/11/2011;04/11/2011;;"5";TRUE;FALSE;FALSE;
493;214;4;30/09/2010;30/09/2010;30/04/2011;30/04/2011;30/04/2011;30/04/2011;"4";TRUE;FALSE;FALSE;
496;345;51;28/12/2011;28/12/2013;;;;;"2";TRUE;FALSE;FALSE;
497;163;51;17/04/2012;31/07/2014;;;;;"44";TRUE;FALSE;FALSE;
498;493;1;28/06/2012;28/04/2014;;;;;"1";TRUE;FALSE;FALSE;
499;276;4;02/09/2013;30/09/2013;;;;;"1";TRUE;FALSE;FALSE;
517;162;4;23/12/2011;20/04/2012;;23/12/2011;21/05/2012;;"10";TRUE;FALSE;FALSE;
519;469;3;04/04/2011;30/09/2011;;29/08/2011;13/01/2012;;"1";TRUE;FALSE;FALSE;
520;469;4;10/11/2011;30/05/2012;;10/10/2011;17/05/2012;;"2";TRUE;FALSE;FALSE;
521;469;1;30/07/2012;30/04/2014;;30/11/2012;;30/05/2014;"3";TRUE;FALSE;FALSE;
524;542;50;01/05/2012;30/04/2014;;;;;"1";TRUE;FALSE;FALSE;
530;183;1;08/03/2010;15/04/2014;;08/03/2010;;31/12/2015;"3";TRUE;FALSE;FALSE;
531;524;1;31/10/2012;01/04/2014;;31/10/2012;;;"1";TRUE;FALSE;FALSE;
532;579;1;26/08/2013;31/12/2013;;;;;"1";TRUE;FALSE;FALSE;
533;153;2;28/02/2012;31/12/2013;;28/02/2012;;;"2";TRUE;FALSE;FALSE;
534;580;1;10/09/2013;31/05/2014;;;;;"1";TRUE;FALSE;FALSE;
535;581;1;01/08/2013;31/12/2013;;;;;"1";TRUE;FALSE;FALSE;
536;582;1;07/10/2013;30/04/2014;;;;;"1";TRUE;FALSE;FALSE;
537;595;4;01/10/2013;29/11/2013;;;;;"2";TRUE;FALSE;FALSE;
538;595;3;01/10/2013;29/11/2013;;;;;"1";TRUE;FALSE;FALSE;
539;595;1;01/01/2014;30/04/2014;;;;;"3";TRUE;FALSE;FALSE;
540;597;1;01/12/2013;30/04/2014;;;;;"1";TRUE;FALSE;FALSE;
541;217;4;30/07/2012;31/01/2014;;04/02/2013;;;"2";TRUE;FALSE;FALSE;
542;179;1;29/11/2011;31/01/2014;;29/11/2011;;31/05/2014;"2";TRUE;FALSE;FALSE;
544;608;1;01/12/2013;30/04/2014;;;;;"1";TRUE;FALSE;FALSE;
545;609;50;01/12/2013;30/04/2014;;;;;"1";TRUE;FALSE;FALSE;
546;610;50;02/01/2014;30/04/2014;;;;;"1";TRUE;FALSE;FALSE;
547;611;1;02/12/2013;31/05/2014;;;;;"1";TRUE;FALSE;FALSE;
550;524;1;31/10/2012;01/04/2014;;31/10/2012;;01/07/2014;"2";TRUE;FALSE;FALSE;
556;646;10;05/07/2012;12/06/2014;;05/07/2012;;;"1";TRUE;FALSE;FALSE;
558;655;1;02/05/2013;30/04/2015;;02/05/2013;;;"1";TRUE;FALSE;FALSE;
559;657;1;01/07/2012;31/07/2014;;01/07/2012;;;"1";TRUE;FALSE;FALSE;
560;32;1;30/12/2010;30/08/2011;30/07/2011;30/07/2011;;20/05/2014;"5";TRUE;FALSE;FALSE;
